{"Game Objects":[{"Name":"Background0","Transform":{"Scale":[800.0,800.0],"Rotation Angle":0.0,"Rotation Speed":0.0,"Translate":[0.0,0.0]},"Collision":{"Min":[-1048.953369140625,226.910400390625],"Max":[-948.953369140625,326.910400390625],"Scale":[50.0,50.0],"Position":[-998.953369140625,276.910400390625]},"Texture":{"Animating":false,"Render Priority":"0","Render Layer":"Gameplay","Texture Path":"./Assets/Textures\\Floor Layout.png"}}]}