{
  "Level": "Pause",
  "Asset": "Scene",
  "Version": "1.140223",
  "Game Objects": [
    {
      "Name": "Pause Menu Bg0",
      "Transform": {
        "Scale": [
          512.5,
          512.5
        ],
        "Rotation Angle": 0.0,
        "Rotation Speed": 0.0,
        "Translate": [
          0.0,
          0.0
        ]
      },
      "Collision": {
        "Min": [
          34.073219299316406,
          -75.67163848876953
        ],
        "Max": [
          134.07321166992188,
          24.328359603881836
        ],
        "Scale": [
          50.0,
          50.0
        ],
        "Position": [
          84.0732192993164,
          -25.671640396118164
        ]
      },
      "Texture": {
        "Render Priority": "0",
        "Render Layer": "Gameplay",
        "States": {
          "Null": [
            "./Assets/Textures\\UI_PauseMenu_ButtonBG.png",
            1,
            1,
            1,
            1.0
          ]
        }
      }
    },
    {
      "Name": "PM Resume Default1",
      "Transform": {
        "Scale": [
          250.0,
          250.0
        ],
        "Rotation Angle": 0.0,
        "Rotation Speed": 0.0,
        "Translate": [
          0,
          131.0500030517578
        ]
      },
      "Collision": {
        "Min": [
          -77.75135803222656,
          -40.44776153564453
        ],
        "Max": [
          22.24864387512207,
          59.55223846435547
        ],
        "Scale": [
          200.0,
          50.0
        ],
        "Position": [
          12.25,
          131.0500030517578
        ]
      },
      "Texture": {
        "Render Priority": "0",
        "Render Layer": "Gameplay",
        "States": {
          "Mouse Idle": [
            "./Assets/Textures\\VFX_Pause_New_Resume.png",
            1,
            1,
            1,
            1.0
          ],
          "Mouse Hovering": [
            "./Assets/Textures\\VFX_Pause_Resume_Hover_4R_6C_22F.png",
            4,
            6,
            22,
            1.0
          ]
        }
      },
      "Button_Behaviour": {}
    },
    {
      "Name": "PM HTP Default2",
      "Transform": {
        "Scale": [
          250.0,
          250.0
        ],
        "Rotation Angle": 0.0,
        "Rotation Speed": 0.0,
        "Translate": [
          0,
          1.1299999952316284
        ]
      },
      "Collision": {
        "Min": [
          -79.96602630615234,
          -166.86566162109375
        ],
        "Max": [
          20.033973693847656,
          -66.86566925048828
        ],
        "Scale": [
          200.0,
          50.0
        ],
        "Position": [
          10.529999732971191,
          1.1299999952316284
        ]
      },
      "Texture": {
        "Render Priority": "0",
        "Render Layer": "Gameplay",
        "States": {
          "Mouse Idle": [
            "./Assets/Textures\\VFX_Pause_HTP_Default0.png",
            1,
            1,
            1,
            1.0
          ],
          "Mouse Hovering": [
            "./Assets/Textures\\VFX_Pause_HowToPlay_Hover_4R_6C_22F.png",
            4,
            6,
            22,
            1.0
          ]
        }
      },
      "Button_Behaviour": {}
    },
    {
      "Name": "PM Restart Default4",
      "Transform": {
        "Scale": [
          250.0,
          250.0
        ],
        "Rotation Angle": 0.0,
        "Rotation Speed": 0.0,
        "Translate": [
          0,
          -120.56999969482422
        ]
      },
      "Collision": {
        "Min": [
          -59.19203186035156,
          -314.567138671875
        ],
        "Max": [
          40.80796813964844,
          -214.567138671875
        ],
        "Scale": [
          200.0,
          50.0
        ],
        "Position": [
          6.309999942779541,
          -120.56999969482422
        ]
      },
      "Texture": {
        "Render Priority": "0",
        "Render Layer": "Gameplay",
        "States": {
          "Mouse Idle": [
            "./Assets/Textures\\VFX_Pause_Restart_Default.png",
            1,
            1,
            1,
            1.0
          ],
          "Mouse Hovering": [
            "./Assets/Textures\\VFX_Pause_Restart_Hover_4R_6C_22F.png",
            4,
            6,
            22,
            1.0
          ]
        }
      },
      "Button_Behaviour": {}
    },
    {
      "Name": "PM MM Default5",
      "Transform": {
        "Scale": [
          250.0,
          250.0
        ],
        "Rotation Angle": 0.0,
        "Rotation Speed": 0.0,
        "Translate": [
          0,
          -248.67999267578125
        ]
      },
      "Collision": {
        "Min": [
          -54.15867614746094,
          -417.1791076660156
        ],
        "Max": [
          45.84132385253906,
          -317.1791076660156
        ],
        "Scale": [
          200.0,
          50.0
        ],
        "Position": [
          28.34000015258789,
          -248.67999267578125
        ]
      },
      "Texture": {
        "Render Priority": "0",
        "Render Layer": "Gameplay",
        "States": {
          "Mouse Idle": [
            "./Assets/Textures\\VFX_Pause_MainMenu_Default.png",
            1,
            1,
            1,
            1.0
          ],
          "Mouse Hovering": [
            "./Assets/Textures\\VFX_Pause_MainMenu_Hover_4R_6C_22F.png",
            4,
            6,
            22,
            1.0
          ]
        }
      },
      "Button_Behaviour": {}
    },
    {
      "Name": "Arrow_Resume",
      "Transform": {
        "Scale": [
          350.0,
          250.0
        ],
        "Rotation Angle": 0.0,
        "Rotation Speed": 0.0,
        "Translate": [
          -256,
          131.0500030517578
        ]
      },
      "Collision": {
        "Min": [
          -77.75135803222656,
          -40.44776153564453
        ],
        "Max": [
          22.24864387512207,
          59.55223846435547
        ],
        "Scale": [
          200.0,
          50.0
        ],
        "Position": [
          12.25,
          131.0500030517578
        ]
      },
      "Texture": {
        "Render Priority": "0",
        "Render Layer": "Gameplay",
        "States": {
          "Mouse Hovering": [
            "./Assets/Textures\\UI_StartMenu_Arrow.png",
            1,
            1,
            1,
            1.0
          ],
          "Mouse Idle": [
            "./Assets/Textures\\Empty_Texture.png",
            1,
            1,
            1,
            1.0
          ]
        }
      },
      "Button_Behaviour": {}
    },
    {
      "Name": "Arrow_Restart",
      "Transform": {
        "Scale": [
          350.0,
          250.0
        ],
        "Rotation Angle": 0.0,
        "Rotation Speed": 0.0,
        "Translate": [
          -256,
          -120.56999969482422
        ]
      },
      "Collision": {
        "Min": [
          -59.19203186035156,
          -314.567138671875
        ],
        "Max": [
          40.80796813964844,
          -214.567138671875
        ],
        "Scale": [
          200.0,
          50.0
        ],
        "Position": [
          6.309999942779541,
          -120.56999969482422
        ]
      },
      "Texture": {
        "Render Priority": "0",
        "Render Layer": "Gameplay",
        "States": {
          "Mouse Hovering": [
            "./Assets/Textures\\UI_StartMenu_Arrow.png",
            1,
            1,
            1,
            1.0
          ],
          "Mouse Idle": [
            "./Assets/Textures\\Empty_Texture.png",
            1,
            1,
            1,
            1.0
          ]
        }
      },
      "Button_Behaviour": {}
    },
    {
      "Name": "Arrow_HTP",
      "Transform": {
        "Scale": [
          350.0,
          250.0
        ],
        "Rotation Angle": 0.0,
        "Rotation Speed": 0.0,
        "Translate": [
          -256,
          1.1299999952316284
        ]
      },